<environment>
  <camtrans>2.007252 -1.586198 1.425819</camtrans>
  <camrotaxis>0.731794 0.371411 0.571429 88</camrotaxis>
  <robot file="robots/herb2_padded.robot.xml" />
  <KinBody name="floor">
    <Body type="static">
      <Translation>0 0 -0.015</Translation>
      <Geom type="box">
        <extents>2 2 0.005</extents>
        <diffuseColor>.3 1 .3</diffuseColor>
      	<ambientColor>0.3 1 0.3</ambientColor>
      </Geom>
    </Body>
  </KinBody>
  <KinBody name="line1">
    <Body type="static">
      <Translation>0 1 -0.014</Translation>
      <Geom type="box">
        <extents>1.1 0.1 0.005</extents>
        <diffuseColor>1 0.3 0.3</diffuseColor>
      	<ambientColor>1 0.3 0.3</ambientColor>
      </Geom>
    </Body>
  </KinBody>
  <KinBody name="line2">
    <Body type="static">
      <Translation>1 0 -0.014</Translation>
      <Geom type="box">
        <extents>0.1 1.1 0.005</extents>
        <diffuseColor>1 0.3 0.3</diffuseColor>
      	<ambientColor>1 0.3 0.3</ambientColor>
      </Geom>
    </Body>
  </KinBody>
  <KinBody name="line3">
    <Body type="static">
      <Translation>0 -1 -0.014</Translation>
      <Geom type="box">
        <extents>1.1 0.1 0.005</extents>
        <diffuseColor>1 0.3 0.3</diffuseColor>
      	<ambientColor>1 0.3 0.3</ambientColor>
      </Geom>
    </Body>
  </KinBody>
  <KinBody name="line4">
    <Body type="static">
      <Translation>-1 0 -0.014</Translation>
      <Geom type="box">
        <extents>0.1 1.1 0.005</extents>
        <diffuseColor>1 0.3 0.3</diffuseColor>
      	<ambientColor>1 0.3 0.3</ambientColor>
      </Geom>
    </Body>
  </KinBody>
</environment>
